OBJECTID,CRA_NO,CRA_GRP,GEN_ALIAS,DETL_NAMES,NEIGHDIST,AREA_ACRES,AREA_SQMI,DISPLAY_NAME,TOTAL_POPULATION,MEDIAN_AGE,NOT_HISPANIC_LATINO_WHITE_ONE,PCT_NOTHISP_WHITE_ONE,NOTHISPLATINO_BLKAFRCNAMER_ONE,PCT_NOTHISP_BLACK_ONE,NOTHISPLATINO_AMINDALSKNTV_ONE,PCT_NOTHISP_AMIAK_ONE,NOTHISPLATINO_ASIAN_ONE,PCT_NOTHISP_ASIAN_ONE,NOTHISPLATINO_NHAWAIIOTHPI_ONE,PCT_NOTHISP_PI_ONE,NOTHISPLATINO_SOME_OTHER_ONE,PCT_NOTHISP_OTHER_ONE,NOTHISPLATINO_TWO_OR_MORE_RACE,PCT_NOTHISP_TWO_ONE,HISPANIC_OR_LATINO_OF_ANY_RACE,PCT_HISP_ANY_RACE,POPULATION_IN_HOUSEHOLDS,PCT_POP_IN_HH,POPULATION_IN_GQ,PCT_POP_IN_GQ,HOUSEHOLDS,FAMILY_HOUSEHOLDS,PCT_FAM_HH,NONFAMILY_HOUSEHOLDS,PCT_NON_FAM_HH,AVERAGE_HOUSEHOLD_SIZE,TOTAL_HOUSING_UNITS,OCCUPIED_HOUSING_UNITS,PCT_OCC_HU,VACANT_HOUSING_UNITS,PCT_VACANT_HU,OWNER_OCCUPIED_HOUSING_UNITS,PCT_OWN_OCC_HU,RENTER_OCCUPIED_HOUSING_UNITS,PCT_RENT_OCC_HU,HIGH_SCHOOL_GRADUATE,BACHELOR_DEGREE,PCNT_HIGHSCHOOL_GRAD_OR_HIGHER,PCT_BACHELOR_DEGREE_OR_HIGHER,POPULATION_5_YEARS_AND_OVER,SPEAK_ENGLISH_LESSTHANVERYWELL,PCT_SP_ENG_LESS_THAN_VERYWELL,MEDIAN_HH_INC_PAST_12MO_DOLLAR,PCT_POPULATION_UNDER_POVERTY,PCT_ALL_FAMILY_UNDER_POVERTY,POP_POVERTY_STATUS_DETERMINED,POP_200_PCT_BELOW_POVERTY,PCT_POP_200_PCT_BELOW_POVERTY,PERSON_OF_COLOR,POPULATION_UNDER_18,SPEAK_LANGUAGE_OTHTHAN_ENGLISH,PCT_SPEAK_OTH_THAN_ENGLISH,PCT_POP_UNDER_18,PCT_PERSON_OF_COLOR,HU_VALUE_LESS_THAN_50_000,HU_VALUE_50_000_TO_99_999,HU_VALUE_100_000_TO_149_999,HU_VALUE_150_000_TO_199_999,HU_VALUE_200_000_TO_299_999,HU_VALUE_300_000_TO_499_999,HU_VALUE_500_000_TO_999_999,HU_VALUE_1_000_000_OR_MORE,HU_VALUE_MEDIAN_DOLLARS,WITH_MORTGAGE_SMOCAPI_COMPUTED,WITH_MORTGAGE_SMOCAPI_LESS_20,WITHMORTGAGESMOCAPI_20_TO_24_9,WITHMORTGAGESMOCAPI_25_TO_29_9,WITHMORTGAGESMOCAPI_30_TO_34_9,WITHMORTGAGESMOCAPI_35_OR_MORE,WITHMORTGAGESMOCAPINOTCOMPUTED,MEDIAN_GROSS_RENT,RENT_GRAPI_COMPUTED,GRAPI_LESS_THAN_15_0,GRAPI_15_0_TO_19_9,GRAPI_20_0_TO_24_9,GRAPI_25_0_TO_29_9,GRAPI_30_0_TO_34_9,GRAPI_35_0_OR_MORE,GRAPI_NOT_COMPUTED,CIVILIAN_LABOR_FORCE,CIVILIAN_LABOR_FORCE_EMPLOYED,CIVILIAN_LABOR_FORCE_UNEMPLOYD,NOT_IN_LABOR_FORCE,HH_INCOME_LESS_THAN_10_000,HH_INCOME_10_000_TO_14_999,HH_INCOME_15_000_TO_24_999,HH_INCOME_25_000_TO_34_999,HH_INCOME_35_000_TO_49_999,HH_INCOME_50_000_TO_74_999,HH_INCOME_75_000_TO_99_999,HH_INCOME_100_000_TO_149_999,HH_INCOME_150_000_TO_199_999,HH_INCOME_200_000_OR_MORE,PERCENT_UNEMPLOYED,PROFILE_NAME,POP_DENSITY_ACRE,HU_DENSITY_ACRE,HH_DENSITY_ACRE,PERCENT_GRAPI_35_OR_MORE,PERC_SMOCAPI_W_MORT_35_OR_MORE,SHAPE_Length,SHAPE_Area
1,10.4,10,Ballard,"Ballard, West Woodland, Adams",Ballard,492.9,0.77,CRA - Ballard,8649,34.3,6745,78,158,1.8,0,0,836,9.7,0,0,0,0,591,6.8,319,3.7,8611,99.6,38,0.4,5328,1417,26.6,3911,73.4,1.62,5580,5328,95.5,252,4.5,1456,27.3,3872,72.7,619,3905,97.5,72.6,8362,260,3.1,79162,7,0,8649,1342,15.5,1904,671,1175,14.1,7.8,22,0,36,0,0,89,485,785,61,543200,1198,685,144,246,61,62,0,1542,3689,495,539,384,635,427,1209,183,6313,5989,324,1736,298,160,356,321,451,882,1048,847,256,709,5.1,ACS 2013-2017 Demographic Profiles Ballard,17.55,11.32,10.81,32.8,5.2,22105.8322671324,21472310.5682224
2,10.1,10,North Beach/Blue Ridge,"Crown Hill, North Beach, Blue Ridge",Ballard,1284.4,2.01,CRA - North Beach-Blue Ridge,12701,42.6,10169,80.1,82,0.6,58,0.5,983,7.7,0,0,96,0.8,965,7.6,348,2.7,12626,99.4,75,0.6,5309,3200,60.3,2109,39.7,2.38,5532,5309,96,223,4,3850,72.5,1459,27.5,998,3362,97.1,61.3,11977,396,3.3,94804,7.8,6.6,12692,1846,14.5,2532,2412,1375,11.5,19,19.9,16,8,46,40,154,1014,2096,476,658600,2792,1126,581,191,182,712,27,1476,1418,165,127,252,185,209,480,41,7787,7519,268,2666,228,116,294,295,326,977,627,885,494,1067,3.4,ACS 2013-2017 Demographic Profiles North Beach Blue Ridge,9.89,4.31,4.13,33.9,25.5,39223.3913670333,55950011.0255116
3,7.1,7,Montlake/Portage Bay,"Montlake, Portage Bay, Interlaken Park, Eastlake, Roanoke Park, Washington Park",Northeast,951.1,1.49,CRA - Montlake-Portage Bay,9732,37.3,7919,81.4,93,1,12,0.1,858,8.8,48,0.5,24,0.2,432,4.4,346,3.6,9688,99.5,44,0.5,4635,2355,50.8,2280,49.2,2.09,4831,4635,95.9,196,4.1,2638,56.9,1997,43.1,280,2844,98.9,80.2,9198,85,0.9,132573,4.6,2,9657,886,9.2,1813,1397,782,8.5,14.4,18.6,49,0,0,34,103,272,1340,840,821250,1752,915,354,184,40,259,0,1723,1932,316,483,279,223,118,513,65,6518,6408,110,1941,68,45,72,134,350,647,560,1042,471,1246,1.7,ACS 2013-2017 Demographic Profiles Montlake Portage Bay,10.23,5.08,4.87,26.6,14.8,50694.3209814318,41429077.4862339
4,12.2,12,Interbay,Interbay,Magnolia/Queen Anne,1214.6,1.9,CRA - Interbay,11024,34.4,8076,73.3,694,6.3,20,0.2,965,8.8,22,0.2,0,0,564,5.1,683,6.2,10755,97.6,269,2.4,5616,1955,34.8,3661,65.2,1.92,6114,5616,91.9,498,8.1,2053,36.6,3563,63.4,745,3624,97.3,63.9,10449,453,4.3,74679,8.7,4.5,10776,1818,16.9,2948,1452,1865,17.8,13.2,26.7,21,23,115,67,233,413,1029,152,571300,1609,648,275,146,82,458,0,1490,3456,253,699,464,692,300,1048,107,7885,7551,334,1675,153,58,312,289,827,1186,838,1035,386,532,4.2,ACS 2013-2017 Demographic Profiles Interbay,9.08,5.03,4.62,30.3,28.5,68274.9177647394,52907762.8435441
5,6.3,6,North Capitol Hill,"North Capitol Hill, Capitol Hill, North Broadway",East,283.7,0.44,CRA - North Capitol Hill,4807,36.1,3913,81.4,19,0.4,9,0.2,289,6,14,0.3,48,1,296,6.2,219,4.6,4796,99.8,11,0.2,2481,1011,40.7,1470,59.3,1.93,2599,2481,95.5,118,4.5,1124,45.3,1357,54.7,151,1620,99.4,75.5,4548,75,1.6,96220,2.3,1.2,4789,448,9.4,894,655,496,10.9,13.6,18.6,20,0,0,0,56,246,321,481,896200,747,464,121,28,13,121,0,1576,1357,217,234,305,113,157,331,0,3415,3266,149,759,0,39,147,71,258,409,338,449,204,566,4.4,ACS 2013-2017 Demographic Profiles North Capitol Hill,16.94,9.16,8.75,24.4,16.2,18047.3824394675,12356839.9215201
6,6.2,6,Capitol Hill,"Capitol Hill, Pike/Pine, Broadway, First Hill",East,426.5,0.67,CRA - Capitol Hill,23837,31.6,16749,70.3,1043,4.4,82,0.3,2817,11.8,65,0.3,40,0.2,1763,7.4,1278,5.4,23631,99.1,206,0.9,16044,2701,16.8,13343,83.2,1.47,17090,16044,93.9,1046,6.1,2837,17.7,13207,82.3,1310,8360,97.9,67.4,23323,564,2.4,58476,14,7.3,23799,6284,26.4,7088,1006,3326,14.3,4.2,29.7,40,15,83,69,823,1247,485,75,355675,2115,779,491,202,124,519,21,1336,12731,1681,1796,2084,1551,1363,4256,476,18997,18546,451,3803,1174,694,1348,1404,1788,2819,2276,2490,1076,975,2.4,ACS 2013-2017 Demographic Profiles Capitol Hill,55.89,40.07,37.62,33.4,24.5,19343.7967546358,18579973.3770853
7,7.4,7,Wedgwood/View Ridge,"Wedgwood, View Ridge, Bryant, Matthews Beach",Northeast,1502.6,2.35,CRA - Wedgwood-View Ridge,16188,41.1,12630,78,53,0.3,36,0.2,1903,11.8,21,0.1,35,0.2,823,5.1,687,4.2,16086,99.4,102,0.6,6588,4467,67.8,2121,32.2,2.44,6906,6588,95.4,318,4.6,4931,74.8,1657,25.2,679,4046,98.4,72.8,15271,651,4.3,114723,5.6,3.1,16080,1829,11.4,3558,3494,2344,15.3,21.6,22,61,0,49,65,178,1115,2948,515,628275,3219,1572,651,275,215,506,26,1596,1578,155,378,199,168,121,557,79,9259,8871,388,3734,166,169,138,376,632,780,610,1113,833,1771,4.2,ACS 2013-2017 Demographic Profiles Wedgwood View Ridge,10.77,4.6,4.38,35.3,15.7,41707.0858059882,65452932.6590589
8,10.2,10,Whittier Heights,"Whittier Heights, Loyal Heights, Crown Hill",Ballard,688.7,1.08,CRA - Whittier Heights,12927,36.7,10516,81.3,161,1.2,0,0,693,5.4,22,0.2,0,0,760,5.9,775,6,12911,99.9,16,0.1,5909,2888,48.9,3021,51.1,2.18,6118,5909,96.6,209,3.4,3513,59.5,2396,40.5,885,4306,97.4,70,12060,336,2.8,100023,5.1,1.7,12888,1773,13.8,2411,2373,1366,11.3,18.4,18.7,34,22,16,0,92,883,2417,49,604400,2643,1049,445,249,213,687,17,1519,2375,248,490,573,410,130,524,21,8737,8390,347,1973,99,177,279,398,335,866,794,1300,700,961,4,ACS 2013-2017 Demographic Profiles Whittier Heights,18.77,8.88,8.58,22.1,26,23916.8523829811,29997852.1389747
9,2.1,2,North Delridge,"North Delridge, Pigeon Point, Avalon, Luna Park, Harbor Island",Delridge Neighborhoods,1606.9,2.51,CRA - North Delridge,5675,36.7,4224,74.4,136,2.4,0,0,517,9.1,0,0,0,0,312,5.5,486,8.6,5658,99.7,17,0.3,2858,1412,49.4,1446,50.6,1.98,2978,2858,96,120,4,1478,51.7,1380,48.3,417,1957,96.9,60.8,5345,299,5.6,75000,8.7,8.1,5675,882,15.5,1451,818,641,12,14.4,25.6,33,17,0,180,222,599,414,13,368300,1185,487,176,129,78,315,0,1305,1380,169,109,348,187,190,377,0,3992,3710,282,913,102,73,161,130,364,599,323,570,361,175,7.1,ACS 2013-2017 Demographic Profiles North Delridge,3.53,1.85,1.78,27.3,26.6,64237.7426817288,69994939.1831514
10,9.1,9,Broadview/Bitter Lake,"Broadview, Bitter Lake",Northwest,1478.5,2.31,CRA - Broadview-Bitter Lake,15073,46.3,10181,67.5,1137,7.5,44,0.3,1821,12.1,45,0.3,0,0,896,5.9,949,6.3,14705,97.6,368,2.4,7448,3340,44.8,4108,55.2,1.97,7913,7448,94.1,465,5.9,3173,42.6,4275,57.4,1967,3540,95.1,49.4,14322,1141,8,77688,13.4,8,14707,3850,26.2,4892,2057,2630,18.4,13.6,32.5,44,41,78,234,223,1078,1285,190,484400,2232,878,366,306,282,400,17,1283,4114,489,178,362,428,430,2227,161,8222,7893,329,5076,524,448,722,1262,877,853,734,778,494,756,4,ACS 2013-2017 Demographic Profiles Broadview Bitter Lake,10.19,5.35,5.04,54.1,17.9,39475.8813488054,64401922.3556907
11,2.4,2,Roxhill/Westwood,"Roxhill, Westwood, South Delridge, White Center",Delridge Neighborhoods,978.5,1.53,CRA - Roxhill-Westwood,13045,37.1,7112,54.5,1469,11.3,83,0.6,1459,11.2,123,0.9,126,1,774,5.9,1899,14.6,13045,100,0,0,5715,3174,55.5,2541,44.5,2.28,6078,5715,94,363,6,3225,56.4,2490,43.6,1715,2548,89,40.4,12355,1616,13.1,67722,11.7,9.2,13038,3503,26.9,5933,2485,3204,25.9,19,45.5,57,0,24,193,796,1547,590,18,347433,2493,774,458,362,214,685,34,1238,2355,235,281,383,381,212,863,135,8176,7648,528,2604,426,69,480,379,833,1067,692,1137,373,259,6.5,ACS 2013-2017 Demographic Profiles Roxhill Westwood,13.33,6.21,5.84,36.6,27.5,33451.4986286684,42622650.6279688
12,7.5,7,Laurelhurst/Sand Point,"Laurelhurst, Windermere, Sand Point, Hawthorne Hills, Magnuson Park",Northeast,1403.7,2.19,CRA - Laurelhurst-Sand Point,11118,38.7,8691,78.2,380,3.4,0,0,1271,11.4,16,0.1,0,0,556,5,204,1.8,10894,98,224,2,4272,2958,69.2,1314,30.8,2.55,4496,4272,95,224,5,2891,67.7,1381,32.3,267,2945,96.6,84.3,10519,540,5.1,122332,8.7,3.1,11011,1869,17,2427,2842,1685,16,25.6,21.8,0,0,64,70,108,154,1019,1476,908950,1913,896,280,164,91,482,0,1316,1198,228,188,145,133,118,386,183,5492,5280,212,3058,295,44,185,213,282,403,284,516,548,1502,3.9,ACS 2013-2017 Demographic Profiles Laurelhurst Sand Point,7.92,3.2,3.04,32.2,25.2,53933.14303025,61143162.5535515
13,4.1,4,Rainier Beach,"Rainier Beach, Rainier View, Lake Ridge, Dunlap",Southeast,1363.1,2.13,CRA - Rainier Beach,16012,37.8,3506,21.9,4339,27.1,60,0.4,4793,29.9,281,1.8,0,0,1236,7.7,1797,11.2,15861,99.1,151,0.9,5460,3758,68.8,1702,31.2,2.9,5891,5460,92.7,431,7.3,3302,60.5,2158,39.5,2450,2123,83.1,30.2,14963,3392,22.7,67933,20.6,16,15984,6114,38.3,12506,3719,5761,38.5,23.2,78.1,78,34,15,260,732,1643,464,76,357550,2515,938,307,264,227,779,17,1178,2036,174,211,318,180,57,1096,122,8769,8109,660,3869,588,163,390,518,528,857,702,1071,368,275,7.5,ACS 2013-2017 Demographic Profiles Rainier Beach,11.75,4.32,4.01,53.8,31,54987.9705121592,59374855.14288
14,3.4,3,South Beacon Hill/NewHolly,"South Beacon Hill, NewHolly, Holly Park",Greater Duwamish,1549.5,2.42,CRA - South Beacon Hill-New Holly,15333,37.9,1707,11.1,4810,31.4,140,0.9,6651,43.4,284,1.9,14,0.1,773,5,954,6.2,15100,98.5,233,1.5,4761,3271,68.7,1490,31.3,3.17,4982,4761,95.6,221,4.4,2653,55.7,2108,44.3,2295,1644,69.9,23.1,14434,4831,33.5,51655,29.8,24,15333,7535,49.1,13626,3975,8716,60.4,25.9,88.9,14,0,27,88,798,1483,223,20,344366,1749,484,291,221,151,602,0,1045,1942,219,107,141,134,284,1057,166,7066,6543,523,4751,486,443,549,433,445,624,559,660,365,197,7.4,ACS 2013-2017 Demographic Profiles South Beacon Hill New Holly,9.9,3.22,3.07,54.4,34.4,44496.5606991874,67496709.7836556
15,8.1,8,Northgate/Maple Leaf,"Maple Leaf, Northgate, Pinehurst",North,1146.5,1.79,CRA - Northgate-Maple Leaf,15615,35.4,10771,69,549,3.5,11,0.1,2324,14.9,13,0.1,6,0,921,5.9,1020,6.5,15377,98.5,238,1.5,7713,3145,40.8,4568,59.2,1.99,7893,7713,97.7,180,2.3,3278,42.5,4435,57.5,1103,3903,94.3,54.7,14789,1575,10.6,72493,15.3,9.7,15541,4532,29.2,4844,2361,3328,22.5,15.1,31,75,51,104,308,379,1235,1094,32,419566,2379,923,423,268,272,493,19,1527,3916,335,509,360,497,349,1866,519,9253,8578,675,4293,693,491,820,406,864,1126,966,1102,695,550,7.3,ACS 2013-2017 Demographic Profiles Northgate Maple Leaf,13.62,6.88,6.73,47.7,20.7,33701.078337495,49941666.297224
16,5.1,5,Madrona/Leschi,"Madrona, Leschi, Harrison/Denny-Blaine",Central,827,1.29,CRA - Madrona-Leschi,11604,39.9,7146,61.6,1648,14.2,65,0.6,914,7.9,0,0,0,0,1265,10.9,566,4.9,11417,98.4,187,1.6,4671,2877,61.6,1794,38.4,2.44,4842,4671,96.5,171,3.5,2778,59.5,1893,40.5,591,3145,94.3,70.5,11001,411,3.7,121549,9.6,6.1,11478,2262,19.7,4458,2219,1535,14,19.1,38.4,15,0,13,22,121,526,1278,803,714750,2038,982,238,179,243,396,0,1549,1763,280,453,305,187,104,434,130,6870,6695,175,2780,138,206,152,326,172,546,474,829,448,1380,2.5,ACS 2013-2017 Demographic Profiles Madrona Leschi,14.03,5.85,5.65,24.6,19.4,40585.2523756959,36024341.2684171
17,9.4,9,Green Lake,"Green Lake, Meridian, Roosevelt, Woodland Park",Northwest,1330,2.08,CRA - Green Lake,16460,34.6,12859,78.1,238,1.4,1,0,1817,11,0,0,25,0.2,842,5.1,678,4.1,16419,99.8,41,0.2,7451,3166,42.5,4285,57.5,2.2,7768,7451,95.9,317,4.1,3702,49.7,3749,50.3,617,5414,97.5,76.6,15624,497,3.2,105587,10.8,4.2,16395,3080,18.8,3601,2442,2168,13.9,14.8,21.9,53,6,0,22,157,576,2397,491,688066,2763,1263,355,374,173,598,0,1804,3379,339,623,417,545,291,1164,370,10656,10361,295,3473,429,224,400,374,541,1032,918,1272,853,1408,2.8,ACS 2013-2017 Demographic Profiles Green Lake,12.38,5.84,5.6,34.4,21.6,34020.9644910852,57934789.2826827
18,3.2,3,Georgetown,Georgetown,Greater Duwamish,1183.9,1.85,CRA - Georgetown,1045,41,824,78.9,18,1.7,6,0.6,27,2.6,0,0,0,0,65,6.2,105,10,1045,100,0,0,620,184,29.7,436,70.3,1.69,697,620,89,77,11,299,48.2,321,51.8,142,348,94.1,48.5,1023,0,0,58611,7.8,0,1041,233,22.4,221,64,44,4.3,6.1,21.1,0,0,0,6,94,171,18,10,341900,187,45,39,13,15,75,7,988,307,12,81,23,43,34,114,14,827,771,56,154,43,20,100,59,56,144,52,110,24,12,6.8,ACS 2013-2017 Demographic Profiles Georgetown,0.88,0.59,0.52,37.1,40.1,44780.4190729653,51570826.0410743
19,2.2,2,High Point,"High Point, Delridge",Delridge Neighborhoods,553.2,0.86,CRA - High Point,8336,32.5,3003,36,2889,34.7,0,0,1220,14.6,127,1.5,6,0.1,428,5.1,663,8,8281,99.3,55,0.7,3025,1920,63.5,1105,36.5,2.74,3223,3025,93.9,198,6.1,1208,39.9,1817,60.1,724,1185,82.4,35.5,7315,1470,20.1,52121,29.3,28.3,8286,4225,51,5333,2495,3046,41.6,29.9,64,32,0,8,23,273,538,325,9,374450,1089,339,221,165,131,233,7,844,1771,198,153,179,365,173,703,46,4185,3694,491,1834,265,300,332,256,377,386,298,414,191,206,11.7,ACS 2013-2017 Demographic Profiles High Point,15.07,5.83,5.47,39.7,21.4,22626.008215401,24096694.2127731
20,7.2,7,University District,"University District, Cowen Park, Ravenna",Northeast,957,1.5,CRA - University District,19823,22.2,10995,55.5,543,2.7,200,1,5309,26.8,57,0.3,37,0.2,1436,7.2,1246,6.3,12210,61.6,7613,38.4,5677,994,17.5,4683,82.5,2.15,6210,5677,91.4,533,8.6,722,12.7,4955,87.3,442,2151,96.7,67.6,19630,1885,9.6,29215,44.8,9.1,12571,7552,60.1,8828,639,6247,31.8,3.2,44.5,11,18,27,13,64,124,338,127,406150,454,177,79,61,18,119,0,1199,4500,419,326,266,400,398,2691,455,10687,9447,1240,8671,1422,434,610,457,696,661,372,462,298,265,11.6,ACS 2013-2017 Demographic Profiles University District,20.71,6.49,5.93,59.8,26.2,41126.8270652862,41688139.7702911
21,8.2,8,Olympic Hills/Victory Heights,"Lake City, Victory Heights, Olympic Hills, Pinehurst, Jackson Park",North,1393.5,2.18,CRA - Olympic Hills-Victory Heights,15618,37.8,9621,61.6,990,6.3,120,0.8,2583,16.5,112,0.7,106,0.7,829,5.3,1257,8,15501,99.3,117,0.7,6968,3831,55,3137,45,2.22,7398,6968,94.2,430,5.8,3995,57.3,2973,42.7,1622,3722,93.5,54.2,14762,1774,12,66298,11.9,8.1,15584,3501,22.5,5997,2450,4460,30.2,15.7,38.4,46,37,35,242,519,2193,923,0,396966,2711,895,515,408,255,638,22,1341,2881,251,142,445,314,408,1321,92,9288,8889,399,4099,388,211,530,405,941,1579,926,1150,487,351,4.3,ACS 2013-2017 Demographic Profiles Olympic Hills Victory Heights,11.21,5.31,5,45.9,23.5,39947.9571506277,60698770.1082999
22,6.5,6,Madison Park,"Madison Park, Broadmoor, Washington Park, Harrison/Denny-Blaine",East,558.6,0.87,CRA - Madison Park,5510,45.7,4811,87.3,97,1.8,0,0,205,3.7,0,0,19,0.3,308,5.6,70,1.3,5485,99.5,25,0.5,2631,1426,54.2,1205,45.8,2.08,2886,2631,91.2,255,8.8,1682,63.9,949,36.1,69,1822,98.9,79.1,5365,126,2.3,134811,4.9,2.3,5485,400,7.3,699,940,421,7.8,17.1,12.7,5,20,11,21,21,136,443,1025,1369700,859,414,114,98,39,194,0,1563,893,68,144,246,122,76,237,56,2885,2749,136,1870,50,33,127,115,228,241,279,332,245,981,4.7,ACS 2013-2017 Demographic Profiles Madison Park,9.86,5.17,4.71,26.5,22.6,26794.5430840274,24333969.4950853
23,6.4,6,Miller Park,"Madison-Miller, Miller Park, Capitol Hill, Stevens",East,364.2,0.57,CRA - Miller Park,7832,36.2,6185,79,210,2.7,9,0.1,555,7.1,0,0,9,0.1,366,4.7,498,6.4,7721,98.6,111,1.4,3549,1604,45.2,1945,54.8,2.18,3643,3549,97.4,94,2.6,1761,49.6,1788,50.4,301,2505,98.1,78.5,7411,391,5.3,118610,8.8,6,7793,1326,17,1647,1196,1199,16.2,15.3,21,8,8,20,12,36,318,759,600,806800,1220,519,151,245,83,222,0,1761,1693,223,248,257,254,179,532,95,5053,4792,261,1698,191,85,106,122,415,478,332,621,383,816,5.2,ACS 2013-2017 Demographic Profiles Miller Park,21.5,10,9.74,31.4,18.2,18141.3121409775,15863125.8453431
24,1.3,1,West Seattle Junction/Genesee Hill,"Seaview, Fairmount Park, Morgan Junction, Genesee Hill, Belvidere, West Seattle Junction, Alaska Junction, Admiral",Southwest,1447.5,2.26,CRA - West Seattle Junction-Genesee Hill,20345,41.1,16635,81.8,193,0.9,32,0.2,1388,6.8,0,0,84,0.4,1132,5.6,881,4.3,20063,98.6,282,1.4,9448,4966,52.6,4482,47.4,2.12,9922,9448,95.2,474,4.8,5995,63.5,3453,36.5,1758,6057,97.2,62.6,19442,316,1.6,99203,6.3,2.6,20104,2582,12.8,3710,3716,1519,7.8,18.3,18.2,81,0,22,38,252,2091,3394,117,542633,4625,1899,937,504,399,886,36,1476,3277,300,473,466,544,447,1047,176,12302,11968,334,4558,395,149,578,509,939,1314,1090,1770,1428,1276,2.7,ACS 2013-2017 Demographic Profiles West Seattle Junction Genesee Hill,14.06,6.85,6.53,31.9,19.2,38739.8962573796,63054619.6172686
25,3.6,3,North Beacon Hill/Jefferson Park,"North Beacon Hill, Jefferson Park",Greater Duwamish,1232,1.92,CRA - North Beacon Hill-Jefferson Park,15847,35.9,5319,33.6,2083,13.1,136,0.9,4653,29.4,29,0.2,86,0.5,981,6.2,2560,16.2,15632,98.6,215,1.4,6094,3619,59.4,2475,40.6,2.57,6602,6094,92.3,508,7.7,2764,45.4,3330,54.6,1593,3422,80.7,43.4,14991,4040,26.9,67657,14.5,12.2,15678,5253,33.5,10528,2956,6764,45.1,18.7,66.4,19,10,17,59,353,1318,963,25,434500,1927,702,423,182,172,448,0,1058,3117,361,452,268,587,404,1045,213,9610,8971,639,3619,542,361,348,431,721,1156,742,900,545,348,6.6,ACS 2013-2017 Demographic Profiles North Beacon Hill Jefferson Park,12.86,5.36,4.95,33.5,23.2,37207.4639899096,53665453.1930807
26,5.2,5,Judkins Park,"Judkins Park, Central Area, Little Saigon, Atlantic",Central,202.9,0.32,CRA - Judkins Park,3675,37.9,1332,36.2,1017,27.7,41,1.1,886,24.1,11,0.3,0,0,246,6.7,142,3.9,3469,94.4,206,5.6,1833,661,36.1,1172,63.9,1.89,1943,1833,94.3,110,5.7,449,24.5,1384,75.5,535,803,86.2,46.6,3452,787,22.8,47428,19.3,7.1,3560,1267,35.6,2343,518,1224,35.5,14.1,63.8,0,0,0,44,88,197,120,0,364700,375,162,69,93,19,32,0,1138,1350,108,143,202,137,275,485,34,2173,2062,111,1013,277,107,234,177,153,202,151,266,192,74,5.1,ACS 2013-2017 Demographic Profiles Judkins Park,18.11,9.58,9.03,35.9,8.5,13582.3109293496,8837338.03671924
27,3.1,3,South Park,South Park,Greater Duwamish,693.9,1.08,CRA - South Park,3719,34.1,1243,33.4,156,4.2,17,0.5,362,9.7,156,4.2,117,3.1,383,10.3,1285,34.6,3627,97.5,92,2.5,1413,735,52,678,48,2.57,1541,1413,91.7,128,8.3,561,39.7,852,60.3,676,451,81.3,24.8,3250,655,20.2,35120,36.5,28,3575,2207,61.7,2476,1094,1040,32,29.4,66.6,29,0,8,49,231,219,25,0,287100,343,127,78,64,6,68,5,959,848,0,81,85,118,98,466,4,1892,1670,222,741,229,112,140,223,124,273,138,128,39,7,11.7,ACS 2013-2017 Demographic Profiles South Park,5.36,2.22,2.04,55,19.8,36300.1031653884,30228043.4120364
28,4.3,4,Seward Park,"Seward Park, Hillman City",Southeast,1010.6,1.58,CRA - Seward Park,9050,39.6,4755,52.5,979,10.8,5,0.1,1904,21,0,0,34,0.4,510,5.6,863,9.5,8864,97.9,186,2.1,3440,2192,63.7,1248,36.3,2.58,3789,3440,90.8,349,9.2,2296,66.7,1144,33.3,778,2058,89.6,55.7,8570,1129,13.2,86348,10.2,7.8,8876,1966,22.1,4295,1866,2692,31.4,20.6,47.5,36,1,0,15,128,903,1012,201,522750,1638,674,257,213,111,383,12,1387,1119,118,103,171,280,79,368,25,5392,5170,222,1995,169,65,130,235,302,590,464,636,395,454,4.1,ACS 2013-2017 Demographic Profiles Seward Park,8.96,3.75,3.4,32.9,23.4,41505.0650847975,44022748.1187295
29,7.3,7,Ravenna/Bryant,"Ravenna, Bryant, Roosevelt, View Ridge, Hawthorne Hills, Windermere, University District",Northeast,1635.1,2.55,CRA - Ravenna-Bryant,26484,34.6,19966,75.4,453,1.7,19,0.1,3420,12.9,89,0.3,164,0.6,1264,4.8,1109,4.2,25449,96.1,1035,3.9,10406,5574,53.6,4832,46.4,2.45,11061,10406,94.1,655,5.9,6348,61,4058,39,882,6395,98.6,75.4,24953,1278,5.1,92464,14.2,3.8,25474,6044,23.7,6518,4892,4448,17.8,18.5,24.6,42,0,24,21,151,1512,4117,481,628160,4356,1926,710,563,267,890,7,1503,3753,314,471,482,248,398,1840,305,14851,14144,707,7118,801,409,412,525,693,1383,1107,1938,1177,1961,4.8,ACS 2013-2017 Demographic Profiles Ravenna Bryant,16.2,6.76,6.36,49,20.4,45748.8504754049,71226010.5142424
30,13.1,13,Belltown,"Belltown, Denny Regrade",Downtown,176.5,0.28,CRA - Belltown,10282,35.6,6234,60.6,715,7,53,0.5,2196,21.4,0,0,71,0.7,414,4,599,5.8,9918,96.5,364,3.5,6986,1696,24.3,5290,75.7,1.42,7719,6986,90.5,733,9.5,1685,24.1,5301,75.9,943,3328,96.7,69.1,10096,372,3.7,76693,14.5,5.8,10151,2592,25.5,4048,335,2278,22.6,3.3,39.4,32,0,0,0,215,640,582,216,560900,1317,525,207,195,100,290,0,1358,5055,1140,1003,528,485,450,1449,246,7417,7043,374,2464,840,543,358,293,462,695,873,1117,604,1201,5,ACS 2013-2017 Demographic Profiles Belltown,58.25,43.73,39.58,28.7,22,18767.5115337081,7687660.42995893
31,1.4,1,Alki/Admiral,"Alki, Admiral",Southwest,898.3,1.4,CRA - Alki-Admiral,12037,46.7,9680,80.4,197,1.6,44,0.4,709,5.9,0,0,0,0,596,5,811,6.7,11882,98.7,155,1.3,5888,3186,54.1,2702,45.9,2.02,6366,5888,92.5,478,7.5,3146,53.4,2742,46.6,775,3729,97,65.6,11491,281,2.4,99854,3.2,1.1,11905,1285,10.8,2357,1946,1292,11.2,16.2,19.6,48,0,37,97,57,498,1757,652,674400,2302,1042,330,325,111,494,12,1350,2631,536,322,462,255,274,782,111,7253,7063,190,3085,96,63,434,431,481,792,567,986,957,1081,2.6,ACS 2013-2017 Demographic Profiles Alki Admiral,13.4,7.09,6.55,29.7,21.5,50339.6564154738,39129742.8794456
32,6.1,6,First Hill,"First Hill, Yesler Terrace, Squire Park",East,440.9,0.69,CRA - First Hill,16895,33.4,10171,60.2,1519,9,82,0.5,2910,17.2,49,0.3,30,0.2,706,4.2,1428,8.5,13197,78.1,3698,21.9,8883,1851,20.8,7032,79.2,1.49,9952,8883,89.3,1069,10.7,1526,17.2,7357,82.8,1447,4154,92.5,55.7,16738,1615,9.6,57428,20,8.5,13410,4278,31.9,6724,391,3945,23.6,2.3,39.8,0,23,44,103,255,489,472,140,445075,989,519,140,103,78,149,0,1316,6955,987,799,892,987,490,2800,402,9892,9318,574,6651,1297,456,706,535,914,1537,962,1134,460,882,5.8,ACS 2013-2017 Demographic Profiles First Hill,38.32,22.57,20.15,40.3,15.1,21945.9582773713,19206217.022131
33,11.2,11,Wallingford,"Wallingford, Meridian, Northlake, University District",Lake Union,810.5,1.27,CRA - Wallingford,18070,30.5,12735,70.5,187,1,35,0.2,3256,18,48,0.3,108,0.6,926,5.1,775,4.3,17978,99.5,92,0.5,7699,2997,38.9,4702,61.1,2.34,8349,7699,92.2,650,7.8,2732,35.5,4967,64.5,535,4583,98.5,74.3,17343,939,5.4,83927,21.2,5,17995,5530,30.7,5335,2229,4028,23.2,12.3,29.5,22,16,13,7,127,484,1831,232,627900,1954,854,457,126,154,363,7,1639,4664,579,636,572,449,454,1974,303,11752,11235,517,4348,1040,155,400,446,873,1022,756,1435,561,1011,4.4,ACS 2013-2017 Demographic Profiles Wallingford,22.29,10.3,9.5,42.3,18.6,30364.4402565807,35303307.1842559
34,1.1,1,Arbor Heights,"Arbor Heights, Brace Point, Endolyne, Arroyo",Southwest,785.9,1.23,CRA - Arbor Heights,6278,44.7,4837,77,358,5.7,117,1.9,140,2.2,140,2.2,0,0,243,3.9,443,7.1,6260,99.7,18,0.3,2702,1773,65.6,929,34.4,2.32,2864,2702,94.3,162,5.7,2259,83.6,443,16.4,699,1681,97.3,54.9,5891,56,1,107927,4,1.4,6234,461,7.4,1441,1287,430,7.3,20.5,23,17,7,47,21,237,1002,801,127,475600,1652,818,248,147,117,322,0,1530,431,87,97,99,44,21,83,12,3745,3643,102,1350,57,9,101,90,225,442,347,587,438,406,2.7,ACS 2013-2017 Demographic Profiles Arbor Heights,7.99,3.64,3.44,19.3,19.5,27702.7276458915,34233874.1200285
35,1.2,1,Fauntleroy/Seaview,"Fauntleroy, Gatewood, Morgan Junction, Lincoln Park, Seaview, Fairmount Park",Southwest,1393.1,2.18,CRA - Fauntleroy-Seaview,15227,44.2,12320,80.9,287,1.9,186,1.2,742,4.9,16,0.1,31,0.2,718,4.7,927,6.1,15147,99.5,80,0.5,6823,3944,57.8,2879,42.2,2.22,7121,6823,95.8,298,4.2,4635,67.9,2188,32.1,1297,4579,96.7,60.6,14134,515,3.6,97070,6,3.4,15166,2173,14.3,2907,2814,1317,9.3,18.5,19.1,34,11,0,38,213,1220,2644,475,604150,3345,1324,598,473,213,737,15,1361,2073,172,396,342,280,194,689,115,9115,8855,260,3558,208,67,434,366,561,1067,775,1526,682,1137,2.9,ACS 2013-2017 Demographic Profiles Fauntleroy Seaview,10.93,5.11,4.9,33.2,22,48830.0483169051,60685103.6322564
36,9.2,9,Licton Springs,Licton Springs,Northwest,524.6,0.82,CRA - Licton Springs,9848,34.2,6107,62,193,2,0,0,1798,18.3,13,0.1,4,0,752,7.6,981,10,9831,99.8,17,0.2,4552,1976,43.4,2576,56.6,2.16,4795,4552,94.9,243,5.1,2217,48.7,2335,51.3,720,2791,93.8,59.3,9245,895,9.7,80012,10.8,2.2,9817,2354,24,3741,1232,2301,24.9,12.5,38,13,11,77,26,261,1110,666,53,426800,1900,856,335,172,145,392,28,1299,2243,229,418,402,302,194,698,92,6978,6689,289,1700,264,183,253,338,325,703,638,1040,414,394,4.1,ACS 2013-2017 Demographic Profiles Licton Springs,18.77,9.14,8.68,31.1,20.6,20290.1609047534,22853046.743002
37,12.3,12,Queen Anne,"Queen Anne, Lower Queen Anne, Uptown, Seattle Center, Westlake",Magnolia/Queen Anne,1888.4,2.95,CRA - Queen Anne,42570,34.3,32875,77.2,556,1.3,253,0.6,4828,11.3,69,0.2,75,0.2,2203,5.2,1711,4,40613,95.4,1957,4.6,21700,8423,38.8,13277,61.2,1.87,23497,21700,92.4,1797,7.6,8605,39.7,13095,60.3,1737,13711,98.2,74.7,40844,1335,3.3,98974,7.4,2.5,40890,5573,13.6,9695,4589,6036,14.8,10.8,22.8,140,18,141,181,803,1614,3267,2441,648314,6158,2792,967,759,491,1149,0,1573,12877,2106,2520,1912,1756,1409,3174,218,29941,28930,1011,8251,711,359,856,1020,2121,3363,3270,3974,2274,3752,3.4,ACS 2013-2017 Demographic Profiles Queen Anne,22.54,12.44,11.49,24.6,18.7,54354.4525047343,82260154.4019393
38,12.1,12,Magnolia,"Magnolia, Discovery Park, Briarcliff, Lawton Park",Magnolia/Queen Anne,1968.4,3.08,CRA - Magnolia,13691,44.4,11269,82.3,102,0.7,22,0.2,968,7.1,70,0.5,43,0.3,557,4.1,660,4.8,13684,99.9,7,0.1,5528,3904,70.6,1624,29.4,2.48,5806,5528,95.2,278,4.8,4522,81.8,1006,18.2,637,4126,98.5,72.2,12904,336,2.6,139671,3.1,1.4,13691,943,6.9,2422,3018,1620,12.6,22,17.7,19,37,0,18,88,698,2592,1070,741650,3258,1605,453,372,220,608,0,1950,986,120,166,189,144,73,294,20,7462,7184,278,3451,53,51,223,56,393,708,419,992,1035,1598,3.7,ACS 2013-2017 Demographic Profiles Magnolia,6.96,2.95,2.81,29.8,18.7,49411.838275862,85743405.9181735
39,13.3,13,Pioneer Square/International District,"Pioneer Square, International District, Chinatown, Little Saigon, ID, Chinatown-International District",Downtown,180.6,0.28,CRA - Pioneer Square-International District,5289,46.6,1755,33.2,489,9.2,199,3.8,2188,41.4,4,0.1,17,0.3,303,5.7,334,6.3,5023,95,266,5,3419,754,22.1,2665,77.9,1.47,3795,3419,90.1,376,9.9,205,6,3214,94,849,1046,73.7,31.1,5242,1717,32.8,26559,25.1,11,5261,2713,51.6,3534,294,2374,45.3,5.6,66.8,0,0,13,30,49,52,61,0,406600,124,19,46,0,25,34,0,776,3077,355,335,299,617,331,1140,137,3129,2855,274,1910,691,367,507,463,457,292,210,211,70,151,8.8,ACS 2013-2017 Demographic Profiles Pioneer Square International District,29.29,21.01,18.93,37,27.4,17719.2118284353,7865656.14619188
40,3.3,3,Duwamish/SODO,"Duwamish, SODO, Pioneer Square",Greater Duwamish,2343.5,3.66,CRA - Duwamish-SODO,2665,40.1,1339,50.2,323,12.1,33,1.2,513,19.2,0,0,10,0.4,277,10.4,170,6.4,2155,80.9,510,19.1,1141,447,39.2,694,60.8,1.89,1212,1141,94.1,71,5.9,580,50.8,561,49.2,271,573,90.8,45.6,2619,325,12.4,74696,17.7,3.1,2554,686,26.9,1326,225,620,23.7,8.4,49.8,17,0,0,16,114,207,214,12,448800,426,193,30,62,45,96,5,1445,528,97,95,81,67,58,130,33,1731,1657,74,608,49,12,21,116,162,215,100,182,118,166,4.3,ACS 2013-2017 Demographic Profiles Duwamish SODO,1.14,0.52,0.49,24.6,22.5,53360.7570739681,102080799.928773
41,4.4,4,Mt. Baker/North Rainier,"Mt. Baker, North Rainier, Atlantic",Southeast,629.9,0.98,CRA - Mt. Baker-North Rainier,6614,43.6,4202,63.5,1165,17.6,12,0.2,604,9.1,0,0,57,0.9,329,5,245,3.7,6582,99.5,32,0.5,2708,1493,55.1,1215,44.9,2.43,2797,2708,96.8,89,3.2,1943,71.8,765,28.2,500,1415,92.8,61.4,6285,314,5,100714,10.9,6.7,6554,1638,25,2412,1371,1067,17,20.7,36.5,57,0,0,15,100,442,875,454,695600,1547,669,217,175,42,444,0,928,702,85,103,41,125,71,277,63,3971,3869,102,1356,270,0,193,169,224,360,134,447,326,585,2.6,ACS 2013-2017 Demographic Profiles Mt Baker North Rainier,10.5,4.44,4.3,39.5,28.7,29849.6262621812,27439653.4280174
42,4.2,4,Columbia City,"Columbia City, Brighton, Mt. Baker, Lakewood, Genesee, Hillman City",Southeast,1310.2,2.05,CRA - Columbia City,20559,38.2,6828,33.2,5831,28.4,85,0.4,5270,25.6,137,0.7,0,0,1178,5.7,1230,6,20235,98.4,324,1.6,7773,4218,54.3,3555,45.7,2.6,8113,7773,95.8,340,4.2,3986,51.3,3787,48.7,3189,3657,86.2,40.4,19082,3553,18.6,58972,19.6,13.7,20270,7416,36.6,13731,4104,6773,35.5,20,66.8,30,0,0,143,611,2012,1028,162,408600,3159,1076,445,436,264,938,0,1142,3540,232,376,474,364,368,1726,247,11602,10519,1083,5277,803,336,528,763,804,1355,876,1087,504,717,9.3,ACS 2013-2017 Demographic Profiles Columbia City,15.69,6.19,5.93,48.8,29.7,45667.7424621462,57072692.2734744
43,13.2,13,Downtown Commercial Core,"Downtown Commercial Core, West Edge, Central Business District, Pike Place Market, Pioneer Square",Downtown,206.5,0.32,CRA - Downtown Commercial Core,4872,43.3,3030,62.2,423,8.7,133,2.7,610,12.5,13,0.3,102,2.1,255,5.2,306,6.3,4079,83.7,793,16.3,2748,900,32.8,1848,67.2,1.48,3480,2748,79,732,21,635,23.1,2113,76.9,661,1374,91.9,53.5,4790,242,5.1,79800,24.9,11.2,4588,1532,33.4,1842,216,1098,22.9,4.4,37.8,0,0,0,0,47,180,244,164,626400,428,209,16,32,34,137,0,1739,2078,288,363,212,320,449,446,35,2797,2622,175,1841,376,118,283,174,75,287,273,416,295,451,6.3,ACS 2013-2017 Demographic Profiles Downtown Commercial Core,23.59,16.85,13.31,21.5,32,18976.0730855934,8994487.32491061
44,2.3,2,Riverview,"Riverview, Delridge",Delridge Neighborhoods,1005.9,1.57,CRA - Riverview,4970,37.8,2360,47.5,538,10.8,0,0,1144,23,109,2.2,0,0,333,6.7,486,9.8,4941,99.4,29,0.6,1861,1210,65,651,35,2.66,1882,1861,98.9,21,1.1,1298,69.7,563,30.3,573,1156,96.6,50.8,4617,279,6,85885,11.9,9.5,4885,1363,27.9,2610,1074,934,20.2,21.6,52.5,16,6,11,72,223,719,251,0,374000,1081,459,208,122,64,228,5,1487,545,24,11,76,102,93,239,18,2757,2560,197,1204,77,102,114,103,191,211,263,469,195,136,7.1,ACS 2013-2017 Demographic Profiles Riverview,4.94,1.87,1.85,43.9,21.1,37828.4217614833,43817259.5770769
45,11.1,11,Fremont,"Fremont, Wallingford, Northlake",Lake Union,893.6,1.4,CRA - Fremont,18248,32.2,15259,83.6,133,0.7,41,0.2,1110,6.1,0,0,15,0.1,1210,6.6,480,2.6,18073,99,175,1,8984,3080,34.3,5904,65.7,2.01,9464,8984,94.9,480,5.1,3472,38.6,5512,61.4,717,6842,98.5,77.2,17583,186,1.1,95035,5.9,1.7,18144,3032,16.7,2989,1758,1797,10.2,9.6,16.4,16,0,15,49,386,807,1974,225,589966,2568,1238,453,179,222,476,0,1561,5437,875,1252,860,766,505,1179,75,14299,13865,434,2263,227,62,173,454,1221,1535,1092,1896,1065,1259,3,ACS 2013-2017 Demographic Profiles Fremont,20.42,10.59,10.05,21.7,18.5,38111.8282461598,38927120.2161555
46,3.5,3,Beacon Hill,Beacon Hill,Greater Duwamish,841.1,1.31,CRA - Beacon Hill,9241,40.7,2065,22.3,1080,11.7,0,0,4821,52.2,0,0,8,0.1,462,5,805,8.7,9127,98.8,114,1.2,3223,2349,72.9,874,27.1,2.83,3344,3223,96.4,121,3.6,2337,72.5,886,27.5,1367,1659,79.5,33.8,8767,3207,36.6,67157,14.3,10.5,9201,2838,30.8,7176,1542,4795,54.7,16.7,77.7,102,0,0,11,405,1266,499,54,370900,1461,471,204,136,135,515,13,1391,704,81,78,70,52,64,359,182,5517,5021,496,2342,146,113,195,392,338,568,454,546,246,225,9,ACS 2013-2017 Demographic Profiles Beacon Hill,10.99,3.98,3.83,51,35.2,27112.9105943837,36636855.3013459
47,11.3,11,Cascade/Eastlake,"South Lake Union, Eastlake, Cascade, Denny Triangle",Lake Union,727.6,1.14,CRA - Cascade-Eastlake,19567,32.1,11811,60.4,1135,5.8,120,0.6,3400,17.4,62,0.3,63,0.3,1392,7.1,1584,8.1,18976,97,591,3,12655,2927,23.1,9728,76.9,1.5,13519,12655,93.6,864,6.4,1876,14.8,10779,85.2,833,6209,97.4,71.9,19190,712,3.7,93834,10,3.3,19290,3312,17.2,7756,940,4873,25.4,4.8,39.6,37,0,0,0,237,641,751,210,523566,1416,719,226,128,100,243,0,1667,10592,2089,1817,1554,1601,965,2566,187,15114,14385,729,3521,794,260,810,742,998,1548,1494,2512,1591,1906,4.8,ACS 2013-2017 Demographic Profiles Cascade Eastlake,26.89,18.58,17.39,24.2,17.2,36451.492730372,31694570.7620471
48,2.5,2,Highland Park,"Highland Park, Westwood, White Center, South Delridge",Delridge Neighborhoods,897.7,1.4,CRA - Highland Park,7054,38.1,3216,45.6,381,5.4,26,0.4,1269,18,18,0.3,0,0,1233,17.5,911,12.9,7029,99.6,25,0.4,3012,1553,51.6,1459,48.4,2.33,3052,3012,98.7,40,1.3,1369,45.5,1643,54.5,818,1062,86.9,29.4,6660,1019,15.3,55000,7.5,6.6,7021,2240,31.9,3838,1555,1851,27.8,22,54.4,0,0,0,75,443,725,113,13,338200,1035,418,252,95,26,244,0,1117,1643,81,139,137,67,275,944,0,4018,3873,145,1607,82,209,331,336,355,569,412,373,195,150,3.6,ACS 2013-2017 Demographic Profiles Highland Park,7.86,3.4,3.36,57.5,23.6,31097.843660541,39103231.3901029
49,9.3,9,Greenwood/Phinney Ridge,"Greenwood, Phinney Ridge, Woodland Park, Crown Hill",Northwest,1533.9,2.4,CRA - Greenwood-Phinney Ridge,26146,37.3,21138,80.8,417,1.6,106,0.4,1873,7.2,42,0.2,52,0.2,1393,5.3,1125,4.3,25904,99.1,242,0.9,11837,6147,51.9,5690,48.1,2.19,12373,11837,95.7,536,4.3,6746,57,5091,43,1416,8281,98.2,70.5,24441,598,2.4,92464,8.4,4.3,25961,4026,15.5,5008,4542,2491,10.2,17.4,19.2,64,37,11,151,365,2198,3626,294,556916,5131,2262,991,513,324,1041,18,1398,4977,561,819,831,844,394,1528,114,17033,16381,652,4882,514,405,492,580,1125,2123,1261,2475,1308,1554,3.8,ACS 2013-2017 Demographic Profiles Greenwood Phinney Ridge,17.05,8.07,7.72,30.7,20.3,40919.7616462589,66816440.3813148
50,5.3,5,Central Area/Squire Park,"Central Area, Mann, Minor, Squire Park",Central,849.6,1.33,CRA - Central Area-Squire Park,20610,33.2,13299,64.5,2701,13.1,139,0.7,1581,7.7,146,0.7,117,0.6,1194,5.8,1433,7,20174,97.9,436,2.1,9231,3616,39.2,5615,60.8,2.19,9712,9231,95,481,5,4005,43.4,5226,56.6,1198,6311,95.2,65.8,19853,926,4.7,88722,13.1,7.9,20412,5194,25.4,7311,2885,3283,16.5,14,35.5,74,31,29,71,267,1426,1857,250,517525,3253,1587,570,259,173,664,0,1401,5117,686,961,729,498,430,1813,109,14516,13979,537,3462,384,213,567,632,773,1281,1070,2078,832,1401,3.7,ACS 2013-2017 Demographic Profiles Central Area Squire Park,24.26,11.43,10.87,35.4,20.4,28540.794727642,37007294.5109596
51,10.3,10,Sunset Hill/Loyal Heights,"Sunset Hill, Golden Gardens, Loyal Heights, Shilshole",Ballard,1035.4,1.62,CRA - Sunset Hill-Loyal Heights,14961,39.6,12647,84.5,82,0.5,89,0.6,521,3.5,0,0,0,0,502,3.4,1120,7.5,14942,99.9,19,0.1,7030,3706,52.7,3324,47.3,2.13,7237,7030,97.1,207,2.9,4295,61.1,2735,38.9,755,5054,98.6,69.7,14137,189,1.3,92037,7.3,7,14942,1951,13.1,2314,2703,865,6.1,18.1,15.5,28,0,0,0,94,1217,2644,312,619900,3037,1301,609,144,222,761,0,1465,2675,172,536,623,225,286,833,60,9436,9111,325,3036,247,205,269,407,728,962,1035,1467,792,918,3.4,ACS 2013-2017 Demographic Profiles Sunset Hill Loyal Heights,14.45,6.99,6.79,31.1,25.1,36780.1824359618,45104080.0268375
52,9.5,9,Haller Lake,"Haller Lake, Pinehurst",Northwest,1247.6,1.95,CRA - Haller Lake,10883,36.4,7129,65.5,947,8.7,66,0.6,1241,11.4,30,0.3,0,0,485,4.5,985,9.1,10796,99.2,87,0.8,4600,2338,50.8,2262,49.2,2.35,4847,4600,94.9,247,5.1,2447,53.2,2153,46.8,1317,2188,92.8,46.9,10248,1091,10.6,67317,14.5,11.4,10852,3146,29,3754,2135,2336,22.8,19.6,34.5,106,0,0,14,348,1165,786,28,422600,1685,599,186,262,165,473,0,1265,2098,265,299,322,302,158,752,55,6510,6321,189,2352,185,225,344,331,611,848,597,779,449,231,2.9,ACS 2013-2017 Demographic Profiles Haller Lake,8.72,3.89,3.69,35.8,28.1,36999.8288013655,54345395.1836425
53,8.3,8,Cedar Park/Meadowbrook,"Cedar Park, Lake City, Meadowbrook, Matthews Beach",North,1210.7,1.89,CRA - Cedar Park-Meadowbrook,14499,41.9,9278,64,1466,10.1,54,0.4,1728,11.9,105,0.7,17,0.1,782,5.4,1069,7.4,14335,98.9,164,1.1,6479,3460,53.4,3019,46.6,2.21,6892,6479,94,413,6,3063,47.3,3416,52.7,1399,3026,94.3,57.2,13749,1562,11.4,96687,13,6.9,14384,3890,27,5221,2771,3831,27.9,19.1,36,25,0,54,26,167,1060,1363,368,556075,1940,890,364,214,111,361,10,1569,3270,206,347,440,392,351,1534,146,8218,7734,484,3728,543,266,656,411,636,880,786,958,530,813,5.9,ACS 2013-2017 Demographic Profiles Cedar Park Meadowbrook,11.98,5.69,5.35,46.9,18.6,47441.2501006618,52737272.5604331
